{
  "Login Admin User": {
    "transaction": "Login Admin User",
    "sampleCount": 1,
    "errorCount": 0,
    "errorPct": 0,
    "meanResTime": 255.59252100000003,
    "medianResTime": 255.59252100000003,
    "minResTime": 255.59252100000003,
    "maxResTime": 255.59252100000003,
    "pct1ResTime": 255.59252100000003,
    "pct2ResTime": 255.59252100000003,
    "pct3ResTime": 255.59252100000003,
    "throughput": "0.02",
    "receivedKBytesPerSec": 0,
    "sentKBytesPerSec": 0
  },
  "Login User": {
    "transaction": "Login User",
    "sampleCount": 10,
    "errorCount": 0,
    "errorPct": 0,
    "meanResTime": 686.0720202,
    "medianResTime": 246.73977099999973,
    "minResTime": 217.09066699999994,
    "maxResTime": 2281.3603189999994,
    "pct1ResTime": 2281.3603189999994,
    "pct2ResTime": 2281.3603189999994,
    "pct3ResTime": 2281.3603189999994,
    "throughput": "0.18",
    "receivedKBytesPerSec": 0,
    "sentKBytesPerSec": 0
  },
  "Refresh Access Token": {
    "transaction": "Refresh Access Token",
    "sampleCount": 30,
    "errorCount": 0,
    "errorPct": 0,
    "meanResTime": 295.62666469999965,
    "medianResTime": 150.02874850000035,
    "minResTime": 33.38335499999994,
    "maxResTime": 1364.630419999994,
    "pct1ResTime": 1031.1678589999974,
    "pct2ResTime": 1146.8351809999986,
    "pct3ResTime": 1364.630419999994,
    "throughput": "0.54",
    "receivedKBytesPerSec": 0,
    "sentKBytesPerSec": 0
  },
  "Get Current User": {
    "transaction": "Get Current User",
    "sampleCount": 30,
    "errorCount": 0,
    "errorPct": 0,
    "meanResTime": 76.23192109999991,
    "medianResTime": 72.96289250000041,
    "minResTime": 65.65223099999912,
    "maxResTime": 106.5285589999985,
    "pct1ResTime": 97.83793099999991,
    "pct2ResTime": 98.88542300000336,
    "pct3ResTime": 106.5285589999985,
    "throughput": "0.54",
    "receivedKBytesPerSec": 0,
    "sentKBytesPerSec": 0
  },
  "Get Courses": {
    "transaction": "Get Courses",
    "sampleCount": 30,
    "errorCount": 0,
    "errorPct": 0,
    "meanResTime": 112.53795766666674,
    "medianResTime": 109.40329600000177,
    "minResTime": 101.02776399999948,
    "maxResTime": 200.59542299999998,
    "pct1ResTime": 118.62013399999705,
    "pct2ResTime": 119.07600800000364,
    "pct3ResTime": 200.59542299999998,
    "throughput": "0.54",
    "receivedKBytesPerSec": 0,
    "sentKBytesPerSec": 0
  },
  "Get Students": {
    "transaction": "Get Students",
    "sampleCount": 30,
    "errorCount": 0,
    "errorPct": 0,
    "meanResTime": 7514.539583466666,
    "medianResTime": 6738.437282000001,
    "minResTime": 1886.8632150000003,
    "maxResTime": 15250.246576999998,
    "pct1ResTime": 14821.262450999995,
    "pct2ResTime": 15167.342391000002,
    "pct3ResTime": 15250.246576999998,
    "throughput": "0.54",
    "receivedKBytesPerSec": 0,
    "sentKBytesPerSec": 0
  },
  "Get Enrollments": {
    "transaction": "Get Enrollments",
    "sampleCount": 30,
    "errorCount": 0,
    "errorPct": 0,
    "meanResTime": 114.09194693333295,
    "medianResTime": 112.3599260000019,
    "minResTime": 102.4085729999997,
    "maxResTime": 136.9179159999985,
    "pct1ResTime": 125.71488899999531,
    "pct2ResTime": 131.40332900000067,
    "pct3ResTime": 136.9179159999985,
    "throughput": "0.54",
    "receivedKBytesPerSec": 0,
    "sentKBytesPerSec": 0
  },
  "Get Grades": {
    "transaction": "Get Grades",
    "sampleCount": 30,
    "errorCount": 0,
    "errorPct": 0,
    "meanResTime": 112.14352226666693,
    "medianResTime": 111.50053899999875,
    "minResTime": 100.4833400000025,
    "maxResTime": 132.53121499999543,
    "pct1ResTime": 121.3019260000001,
    "pct2ResTime": 131.71715199999744,
    "pct3ResTime": 132.53121499999543,
    "throughput": "0.54",
    "receivedKBytesPerSec": 0,
    "sentKBytesPerSec": 0
  },
  "User Operation Flow": {
    "transaction": "User Operation Flow",
    "sampleCount": 30,
    "errorCount": 0,
    "errorPct": 0,
    "meanResTime": 7929.8540936,
    "medianResTime": 7147.238175,
    "minResTime": 2379.030623000006,
    "maxResTime": 15714.700176999999,
    "pct1ResTime": 15221.800401000004,
    "pct2ResTime": 15575.527306,
    "pct3ResTime": 15714.700176999999,
    "throughput": "0.54",
    "receivedKBytesPerSec": 0,
    "sentKBytesPerSec": 0
  }
}