{
  "Get Courses After Temp Update A" : {
    "transaction" : "Get Courses After Temp Update A",
    "sampleCount" : 12,
    "errorCount" : 0,
    "errorPct" : 0.0,
    "meanResTime" : 35.916666666666664,
    "medianResTime" : 36.5,
    "minResTime" : 33.0,
    "maxResTime" : 40.0,
    "pct1ResTime" : 39.400000000000006,
    "pct2ResTime" : 40.0,
    "pct3ResTime" : 40.0,
    "throughput" : 0.059396531242575434,
    "receivedKBytesPerSec" : 0.011948911558564979,
    "sentKBytesPerSec" : 0.038978973627940124
  },
  "Update Course Temp B" : {
    "transaction" : "Update Course Temp B",
    "sampleCount" : 12,
    "errorCount" : 0,
    "errorPct" : 0.0,
    "meanResTime" : 38.5,
    "medianResTime" : 38.0,
    "minResTime" : 34.0,
    "maxResTime" : 49.0,
    "pct1ResTime" : 46.60000000000001,
    "pct2ResTime" : 49.0,
    "pct3ResTime" : 49.0,
    "throughput" : 0.059393591431484545,
    "receivedKBytesPerSec" : 0.02778274442937607,
    "sentKBytesPerSec" : 0.04732926817196424
  },
  "Get Courses After Temp Update B" : {
    "transaction" : "Get Courses After Temp Update B",
    "sampleCount" : 12,
    "errorCount" : 0,
    "errorPct" : 0.0,
    "meanResTime" : 36.083333333333336,
    "medianResTime" : 35.0,
    "minResTime" : 33.0,
    "maxResTime" : 48.0,
    "pct1ResTime" : 45.000000000000014,
    "pct2ResTime" : 48.0,
    "pct3ResTime" : 48.0,
    "throughput" : 0.059393003504187206,
    "receivedKBytesPerSec" : 0.01194820187681891,
    "sentKBytesPerSec" : 0.03897665854962285
  },
  "Update Course Temp C" : {
    "transaction" : "Update Course Temp C",
    "sampleCount" : 12,
    "errorCount" : 0,
    "errorPct" : 0.0,
    "meanResTime" : 37.08333333333333,
    "medianResTime" : 36.5,
    "minResTime" : 33.0,
    "maxResTime" : 43.0,
    "pct1ResTime" : 42.1,
    "pct2ResTime" : 43.0,
    "pct3ResTime" : 43.0,
    "throughput" : 0.05939123979213066,
    "receivedKBytesPerSec" : 0.027607646622123234,
    "sentKBytesPerSec" : 0.04715339643652561
  },
  "Get Students" : {
    "transaction" : "Get Students",
    "sampleCount" : 600,
    "errorCount" : 0,
    "errorPct" : 0.0,
    "meanResTime" : 42.52833333333332,
    "medianResTime" : 38.0,
    "minResTime" : 32.0,
    "maxResTime" : 602.0,
    "pct1ResTime" : 50.89999999999998,
    "pct2ResTime" : 62.94999999999993,
    "pct3ResTime" : 77.0,
    "throughput" : 1.9204055896605363,
    "receivedKBytesPerSec" : 0.38070540498153205,
    "sentKBytesPerSec" : 1.7572461303827367
  },
  "Get Courses After Temp Update C" : {
    "transaction" : "Get Courses After Temp Update C",
    "sampleCount" : 12,
    "errorCount" : 0,
    "errorPct" : 0.0,
    "meanResTime" : 38.25000000000001,
    "medianResTime" : 35.5,
    "minResTime" : 33.0,
    "maxResTime" : 69.0,
    "pct1ResTime" : 60.00000000000003,
    "pct2ResTime" : 69.0,
    "pct3ResTime" : 69.0,
    "throughput" : 0.05939241558852935,
    "receivedKBytesPerSec" : 0.011948083604723677,
    "sentKBytesPerSec" : 0.03897627272997239
  },
  "Login User" : {
    "transaction" : "Login User",
    "sampleCount" : 200,
    "errorCount" : 0,
    "errorPct" : 0.0,
    "meanResTime" : 221.95,
    "medianResTime" : 194.5,
    "minResTime" : 176.0,
    "maxResTime" : 3377.0,
    "pct1ResTime" : 232.9,
    "pct2ResTime" : 262.6499999999999,
    "pct3ResTime" : 707.1300000000017,
    "throughput" : 0.6697654481400613,
    "receivedKBytesPerSec" : 0.8600991838908014,
    "sentKBytesPerSec" : 0.4918590009778575
  },
  "Refresh Access Token" : {
    "transaction" : "Refresh Access Token",
    "sampleCount" : 600,
    "errorCount" : 0,
    "errorPct" : 0.0,
    "meanResTime" : 45.71833333333335,
    "medianResTime" : 40.0,
    "minResTime" : 34.0,
    "maxResTime" : 637.0,
    "pct1ResTime" : 52.0,
    "pct2ResTime" : 65.0,
    "pct3ResTime" : 291.0100000000018,
    "throughput" : 1.9204916458613404,
    "receivedKBytesPerSec" : 2.3017298678461686,
    "sentKBytesPerSec" : 1.81734023910121
  },
  "Get Current User" : {
    "transaction" : "Get Current User",
    "sampleCount" : 600,
    "errorCount" : 0,
    "errorPct" : 0.0,
    "meanResTime" : 41.7916666666667,
    "medianResTime" : 38.0,
    "minResTime" : 32.0,
    "maxResTime" : 598.0,
    "pct1ResTime" : 49.0,
    "pct2ResTime" : 59.0,
    "pct3ResTime" : 74.98000000000002,
    "throughput" : 1.920528529451305,
    "receivedKBytesPerSec" : 0.7225894816253433,
    "sentKBytesPerSec" : 1.7611096573777105
  },
  "Restore Course C" : {
    "transaction" : "Restore Course C",
    "sampleCount" : 12,
    "errorCount" : 0,
    "errorPct" : 0.0,
    "meanResTime" : 44.33333333333333,
    "medianResTime" : 36.0,
    "minResTime" : 33.0,
    "maxResTime" : 131.0,
    "pct1ResTime" : 104.0000000000001,
    "pct2ResTime" : 131.0,
    "pct3ResTime" : 131.0,
    "throughput" : 0.059393591431484545,
    "receivedKBytesPerSec" : 0.026970722671523742,
    "sentKBytesPerSec" : 0.04709726195543501
  },
  "Update Course Temp A" : {
    "transaction" : "Update Course Temp A",
    "sampleCount" : 12,
    "errorCount" : 0,
    "errorPct" : 0.0,
    "meanResTime" : 37.25,
    "medianResTime" : 36.5,
    "minResTime" : 33.0,
    "maxResTime" : 43.0,
    "pct1ResTime" : 42.1,
    "pct2ResTime" : 43.0,
    "pct3ResTime" : 43.0,
    "throughput" : 0.05939535528321685,
    "receivedKBytesPerSec" : 0.02847960883208933,
    "sentKBytesPerSec" : 0.048026713061038624
  },
  "Get Grades" : {
    "transaction" : "Get Grades",
    "sampleCount" : 600,
    "errorCount" : 0,
    "errorPct" : 0.0,
    "meanResTime" : 945.8516666666661,
    "medianResTime" : 912.0,
    "minResTime" : 872.0,
    "maxResTime" : 1435.0,
    "pct1ResTime" : 1084.9,
    "pct2ResTime" : 1097.9499999999998,
    "pct3ResTime" : 1176.7600000000002,
    "throughput" : 1.9148039878984386,
    "receivedKBytesPerSec" : 1.1637202537195066,
    "sentKBytesPerSec" : 1.7483805944189845
  },
  "User Operation Flow" : {
    "transaction" : "User Operation Flow",
    "sampleCount" : 600,
    "errorCount" : 0,
    "errorPct" : 0.0,
    "meanResTime" : 1121.7866666666662,
    "medianResTime" : 1078.0,
    "minResTime" : 1015.0,
    "maxResTime" : 2331.0,
    "pct1ResTime" : 1262.0,
    "pct2ResTime" : 1295.0,
    "pct3ResTime" : 1629.1100000000008,
    "throughput" : 1.913741300451005,
    "receivedKBytesPerSec" : 27.116976016635196,
    "sentKBytesPerSec" : 8.757609115149814
  },
  "Get Courses" : {
    "transaction" : "Get Courses",
    "sampleCount" : 600,
    "errorCount" : 0,
    "errorPct" : 0.0,
    "meanResTime" : 45.28500000000001,
    "medianResTime" : 41.0,
    "minResTime" : 35.0,
    "maxResTime" : 405.0,
    "pct1ResTime" : 55.0,
    "pct2ResTime" : 67.0,
    "pct3ResTime" : 91.97000000000003,
    "throughput" : 1.9204486167968837,
    "receivedKBytesPerSec" : 22.036397702503304,
    "sentKBytesPerSec" : 1.7554100637909014
  },
  "Temporary Write Cycle C" : {
    "transaction" : "Temporary Write Cycle C",
    "sampleCount" : 12,
    "errorCount" : 0,
    "errorPct" : 0.0,
    "meanResTime" : 119.66666666666667,
    "medianResTime" : 110.5,
    "minResTime" : 103.0,
    "maxResTime" : 204.0,
    "pct1ResTime" : 184.50000000000006,
    "pct2ResTime" : 204.0,
    "pct3ResTime" : 204.0,
    "throughput" : 0.0593700834149672,
    "receivedKBytesPerSec" : 0.06650145085641344,
    "sentKBytesPerSec" : 0.13317683750408169
  },
  "Login Admin User" : {
    "transaction" : "Login Admin User",
    "sampleCount" : 1,
    "errorCount" : 0,
    "errorPct" : 0.0,
    "meanResTime" : 185.0,
    "medianResTime" : 185.0,
    "minResTime" : 185.0,
    "maxResTime" : 185.0,
    "pct1ResTime" : 185.0,
    "pct2ResTime" : 185.0,
    "pct3ResTime" : 185.0,
    "throughput" : 5.405405405405405,
    "receivedKBytesPerSec" : 6.561444256756757,
    "sentKBytesPerSec" : 3.9220861486486487
  },
  "Temporary Write Cycle B" : {
    "transaction" : "Temporary Write Cycle B",
    "sampleCount" : 12,
    "errorCount" : 0,
    "errorPct" : 0.0,
    "meanResTime" : 115.83333333333333,
    "medianResTime" : 110.0,