{
  "Login Admin User": {
    "transaction": "Login Admin User",
    "sampleCount": 1,
    "errorCount": 0,
    "errorPct": 0,
    "meanResTime": 385.067749,
    "medianResTime": 385.067749,
    "minResTime": 385.067749,
    "maxResTime": 385.067749,
    "pct1ResTime": 385.067749,
    "pct2ResTime": 385.067749,
    "pct3ResTime": 385.067749,
    "throughput": "0.03",
    "receivedKBytesPerSec": 0,
    "sentKBytesPerSec": 0
  },
  "Login User": {
    "transaction": "Login User",
    "sampleCount": 10,
    "errorCount": 0,
    "errorPct": 0,
    "meanResTime": 282.2918043999996,
    "medianResTime": 239.57597599999826,
    "minResTime": 222.20767499999965,
    "maxResTime": 403.49149099999886,
    "pct1ResTime": 403.49149099999886,
    "pct2ResTime": 403.49149099999886,
    "pct3ResTime": 403.49149099999886,
    "throughput": "0.29",
    "receivedKBytesPerSec": 0,
    "sentKBytesPerSec": 0
  },
  "Update Course Temp 01": {
    "transaction": "Update Course Temp 01",
    "sampleCount": 3,
    "errorCount": 0,
    "errorPct": 0,
    "meanResTime": 40.02390299999988,
    "medianResTime": 41.10157500000014,
    "minResTime": 36.66161099999954,
    "maxResTime": 42.30852299999998,
    "pct1ResTime": 42.30852299999998,
    "pct2ResTime": 42.30852299999998,
    "pct3ResTime": 42.30852299999998,
    "throughput": "0.09",
    "receivedKBytesPerSec": 0,
    "sentKBytesPerSec": 0
  },
  "Get Courses After Temp Update 01": {
    "transaction": "Get Courses After Temp Update 01",
    "sampleCount": 3,
    "errorCount": 0,
    "errorPct": 0,
    "meanResTime": 110.2358896666667,
    "medianResTime": 111.17711200000002,
    "minResTime": 108.06571799999983,
    "maxResTime": 111.46483900000021,
    "pct1ResTime": 111.46483900000021,
    "pct2ResTime": 111.46483900000021,
    "pct3ResTime": 111.46483900000021,
    "throughput": "0.09",
    "receivedKBytesPerSec": 0,
    "sentKBytesPerSec": 0
  },
  "Restore Course 01": {
    "transaction": "Restore Course 01",
    "sampleCount": 3,
    "errorCount": 0,
    "errorPct": 0,
    "meanResTime": 37.79619933333307,
    "medianResTime": 35.29179799999929,
    "minResTime": 34.026198999999906,
    "maxResTime": 44.07060100000001,
    "pct1ResTime": 44.07060100000001,
    "pct2ResTime": 44.07060100000001,
    "pct3ResTime": 44.07060100000001,
    "throughput": "0.09",
    "receivedKBytesPerSec": 0,
    "sentKBytesPerSec": 0
  },
  "Update Course Temp 02": {
    "transaction": "Update Course Temp 02",
    "sampleCount": 3,
    "errorCount": 0,
    "errorPct": 0,
    "meanResTime": 37.49070533333353,
    "medianResTime": 36.34136699999999,
    "minResTime": 36.10470200000054,
    "maxResTime": 40.02604700000006,
    "pct1ResTime": 40.02604700000006,
    "pct2ResTime": 40.02604700000006,
    "pct3ResTime": 40.02604700000006,
    "throughput": "0.09",
    "receivedKBytesPerSec": 0,
    "sentKBytesPerSec": 0
  },
  "Get Courses After Temp Update 02": {
    "transaction": "Get Courses After Temp Update 02",
    "sampleCount": 3,
    "errorCount": 0,
    "errorPct": 0,
    "meanResTime": 110.9931460000001,
    "medianResTime": 111.4853390000003,
    "minResTime": 104.51975700000003,
    "maxResTime": 116.97434199999998,
    "pct1ResTime": 116.97434199999998,
    "pct2ResTime": 116.97434199999998,
    "pct3ResTime": 116.97434199999998,
    "throughput": "0.09",
    "receivedKBytesPerSec": 0,
    "sentKBytesPerSec": 0
  },
  "Restore Course 02": {
    "transaction": "Restore Course 02",
    "sampleCount": 3,
    "errorCount": 0,
    "errorPct": 0,
    "meanResTime": 37.88472999999991,
    "medianResTime": 37.04800499999965,
    "minResTime": 34.64177800000016,
    "maxResTime": 41.96440699999994,
    "pct1ResTime": 41.96440699999994,
    "pct2ResTime": 41.96440699999994,
    "pct3ResTime": 41.96440699999994,
    "throughput": "0.09",
    "receivedKBytesPerSec": 0,
    "sentKBytesPerSec": 0
  },
  "Update Course Temp 03": {
    "transaction": "Update Course Temp 03",
    "sampleCount": 3,
    "errorCount": 0,
    "errorPct": 0,
    "meanResTime": 37.468587666666814,
    "medianResTime": 37.09106300000008,
    "minResTime": 35.979445000000396,
    "maxResTime": 39.33525499999996,
    "pct1ResTime": 39.33525499999996,
    "pct2ResTime": 39.33525499999996,
    "pct3ResTime": 39.33525499999996,
    "throughput": "0.09",
    "receivedKBytesPerSec": 0,
    "sentKBytesPerSec": 0
  },
  "Get Courses After Temp Update 03": {
    "transaction": "Get Courses After Temp Update 03",
    "sampleCount": 3,
    "errorCount": 0,
    "errorPct": 0,
    "meanResTime": 112.16837666666663,
    "medianResTime": 112.64776199999994,
    "minResTime": 109.26052299999992,
    "maxResTime": 114.59684500000003,
    "pct1ResTime": 114.59684500000003,
    "pct2ResTime": 114.59684500000003,
    "pct3ResTime": 114.59684500000003,
    "throughput": "0.09",
    "receivedKBytesPerSec": 0,
    "sentKBytesPerSec": 0
  },
  "Restore Course 03": {
    "transaction": "Restore Course 03",
    "sampleCount": 3,
    "errorCount": 0,
    "errorPct": 0,
    "meanResTime": 37.355311666666694,
    "medianResTime": 35.62953099999959,
    "minResTime": 35.2556940000004,
    "maxResTime": 41.18071000000009,
    "pct1ResTime": 41.18071000000009,
    "pct2ResTime": 41.18071000000009,
    "pct3ResTime": 41.18071000000009,
    "throughput": "0.09",
    "receivedKBytesPerSec": 0,
    "sentKBytesPerSec": 0
  },
  "Refresh Access Token": {
    "transaction": "Refresh Access Token",
    "sampleCount": 27,
    "errorCount": 0,
    "errorPct": 0,
    "meanResTime": 295.8842457037036,
    "medianResTime": 267.2396200000003,
    "minResTime": 144.7209210000001,
    "maxResTime": 487.243289,
    "pct1ResTime": 408.71079800000007,
    "pct2ResTime": 486.3294160000005,
    "pct3ResTime": 487.243289,
    "throughput": "0.79",
    "receivedKBytesPerSec": 0,
    "sentKBytesPerSec": 0
  },
  "Get Current User": {
    "transaction": "Get Current User",
    "sampleCount": 27,
    "errorCount": 0,
    "errorPct": 0,
    "meanResTime": 98.5255851481485,
    "medianResTime": 77.91319199999998,
    "minResTime": 71.19929400000183,
    "maxResTime": 317.4879890000002,
    "pct1ResTime": 149.90786300000036,
    "pct2ResTime": 156.08257700000104,
    "pct3ResTime": 317.4879890000002,
    "throughput": "0.79",
    "receivedKBytesPerSec": 0,
    "sentKBytesPerSec": 0
  },
  "Get Courses": {
    "transaction": "Get Courses",
    "sampleCount": 27,
    "errorCount": 0,
    "errorPct": 0,
    "meanResTime": 135.21864192592574,
    "medianResTime": 119.35522999999921,
    "minResTime": 105.53178200000184,
    "maxResTime": 232.66528400000243,
    "pct1ResTime": 199.12007299999823,
    "pct2ResTime": 229.9674619999987,
    "pct3ResTime": 232.66528400000243,
    "throughput": "0.79",
    "receivedKBytesPerSec": 0,
    "sentKBytesPerSec": 0
  },
  "Get Students": {
    "transaction": "Get Students",
    "sampleCount": 27,
    "errorCount": 0,
    "errorPct": 0,
    "meanResTime": 131.45980337037028,
    "medianResTime": 119.78391999999985,
    "minResTime": 104.51590299999953,
    "maxResTime": 229.95358000000124,
    "pct1ResTime": 193.13436799999909,
    "pct2ResTime": 196.37289099999907,
    "pct3ResTime": 229.95358000000124,
    "throughput": "0.79",
    "receivedKBytesPerSec": 0,
    "sentKBytesPerSec": 0
  },
  "Get Enrollments": {
    "transaction": "Get Enrollments",
    "sampleCount": 27,
    "errorCount": 0,
    "errorPct": 0,
    "meanResTime": 138.82019981481474,
    "medianResTime": 123.21835099999953,
    "minResTime": 105.16143499999998,
    "maxResTime": 357.36450200000036,
    "pct1ResTime": 173.7231670000001,
    "pct2ResTime": 206.05897299999924,
    "pct3ResTime": 357.36450200000036,
    "throughput": "0.79",
    "receivedKBytesPerSec": 0,
    "sentKBytesPerSec": 0
  },
  "Get Grades": {
    "transaction": "Get Grades",
    "sampleCount": 27,
    "errorCount": 0,
    "errorPct": 0,
    "meanResTime": 130.46004437036973,
    "medianResTime": 119.77518599999894,
    "minResTime": 103.96558099999947,