{
  "Get Courses After Temp Update A" : {
    "transaction" : "Get Courses After Temp Update A",
    "sampleCount" : 12,
    "errorCount" : 0,
    "errorPct" : 0.0,
    "meanResTime" : 40.75,
    "medianResTime" : 40.0,
    "minResTime" : 36.0,
    "maxResTime" : 50.0,
    "pct1ResTime" : 48.800000000000004,
    "pct2ResTime" : 50.0,
    "pct3ResTime" : 50.0,
    "throughput" : 0.05928385107896609,
    "receivedKBytesPerSec" : 0.011926243478776381,
    "sentKBytesPerSec" : 0.0389050272705715
  },
  "Update Course Temp B" : {
    "transaction" : "Update Course Temp B",
    "sampleCount" : 12,
    "errorCount" : 0,
    "errorPct" : 0.0,
    "meanResTime" : 41.66666666666667,
    "medianResTime" : 40.0,
    "minResTime" : 36.0,
    "maxResTime" : 52.0,
    "pct1ResTime" : 50.800000000000004,
    "pct2ResTime" : 52.0,
    "pct3ResTime" : 52.0,
    "throughput" : 0.059284436847253645,
    "receivedKBytesPerSec" : 0.027731684814291502,
    "sentKBytesPerSec" : 0.047242285612655255
  },
  "Get Courses After Temp Update B" : {
    "transaction" : "Get Courses After Temp Update B",
    "sampleCount" : 12,
    "errorCount" : 0,
    "errorPct" : 0.0,
    "meanResTime" : 40.833333333333336,
    "medianResTime" : 42.0,
    "minResTime" : 35.0,
    "maxResTime" : 46.0,
    "pct1ResTime" : 45.7,
    "pct2ResTime" : 46.0,
    "pct3ResTime" : 46.0,
    "throughput" : 0.059287658779761165,
    "receivedKBytesPerSec" : 0.011927009481084766,
    "sentKBytesPerSec" : 0.03890752607421827
  },
  "Update Course Temp C" : {
    "transaction" : "Update Course Temp C",
    "sampleCount" : 12,
    "errorCount" : 0,
    "errorPct" : 0.0,
    "meanResTime" : 40.66666666666666,
    "medianResTime" : 39.0,
    "minResTime" : 36.0,
    "maxResTime" : 45.0,
    "pct1ResTime" : 45.0,
    "pct2ResTime" : 45.0,
    "pct3ResTime" : 45.0,
    "throughput" : 0.05928795170008201,
    "receivedKBytesPerSec" : 0.027559633798085,
    "sentKBytesPerSec" : 0.04707139134000653
  },
  "Get Students" : {
    "transaction" : "Get Students",
    "sampleCount" : 600,
    "errorCount" : 0,
    "errorPct" : 0.0,
    "meanResTime" : 50.67333333333334,
    "medianResTime" : 43.0,
    "minResTime" : 33.0,
    "maxResTime" : 540.0,
    "pct1ResTime" : 48.0,
    "pct2ResTime" : 54.0,
    "pct3ResTime" : 298.98,
    "throughput" : 1.9228612174916275,
    "receivedKBytesPerSec" : 0.38119221401445347,
    "sentKBytesPerSec" : 1.7594931257711472
  },
  "Get Courses After Temp Update C" : {
    "transaction" : "Get Courses After Temp Update C",
    "sampleCount" : 12,
    "errorCount" : 0,
    "errorPct" : 0.0,
    "meanResTime" : 41.66666666666666,
    "medianResTime" : 41.5,
    "minResTime" : 37.0,
    "maxResTime" : 50.0,
    "pct1ResTime" : 48.2,
    "pct2ResTime" : 50.0,
    "pct3ResTime" : 50.0,
    "throughput" : 0.05928795170008201,
    "receivedKBytesPerSec" : 0.011927068408414938,
    "sentKBytesPerSec" : 0.03890771830317882
  },
  "Login User" : {
    "transaction" : "Login User",
    "sampleCount" : 200,
    "errorCount" : 0,
    "errorPct" : 0.0,
    "meanResTime" : 260.50999999999993,
    "medianResTime" : 208.5,
    "minResTime" : 171.0,
    "maxResTime" : 1632.0,
    "pct1ResTime" : 238.9,
    "pct2ResTime" : 619.5499999999993,
    "pct3ResTime" : 1307.9,
    "throughput" : 0.6700908308121166,
    "receivedKBytesPerSec" : 0.8605170337089193,
    "sentKBytesPerSec" : 0.49209795387764815
  },
  "Refresh Access Token" : {
    "transaction" : "Refresh Access Token",
    "sampleCount" : 600,
    "errorCount" : 0,
    "errorPct" : 0.0,
    "meanResTime" : 51.17999999999999,
    "medianResTime" : 45.0,
    "minResTime" : 35.0,
    "maxResTime" : 541.0,
    "pct1ResTime" : 51.0,
    "pct2ResTime" : 54.0,
    "pct3ResTime" : 299.0,
    "throughput" : 1.9229105173590748,
    "receivedKBytesPerSec" : 2.3047040250122586,
    "sentKBytesPerSec" : 1.8196291907431088
  },
  "Get Current User" : {
    "transaction" : "Get Current User",
    "sampleCount" : 600,
    "errorCount" : 0,
    "errorPct" : 0.0,
    "meanResTime" : 51.47333333333332,
    "medianResTime" : 44.0,
    "minResTime" : 33.0,
    "maxResTime" : 1038.0,
    "pct1ResTime" : 49.0,
    "pct2ResTime" : 55.0,
    "pct3ResTime" : 298.0,
    "throughput" : 1.9229536568168706,
    "receivedKBytesPerSec" : 0.7235770393324147,
    "sentKBytesPerSec" : 1.7633334802256266
  },
  "Restore Course C" : {
    "transaction" : "Restore Course C",
    "sampleCount" : 12,
    "errorCount" : 0,
    "errorPct" : 0.0,
    "meanResTime" : 48.58333333333333,
    "medianResTime" : 40.5,
    "minResTime" : 35.0,
    "maxResTime" : 137.0,
    "pct1ResTime" : 110.3000000000001,
    "pct2ResTime" : 137.0,
    "pct3ResTime" : 137.0,
    "throughput" : 0.05928824462329732,
    "receivedKBytesPerSec" : 0.026922884521321532,
    "sentKBytesPerSec" : 0.04701372522863029
  },
  "Update Course Temp A" : {
    "transaction" : "Update Course Temp A",
    "sampleCount" : 12,
    "errorCount" : 0,
    "errorPct" : 0.0,
    "meanResTime" : 43.33333333333333,
    "medianResTime" : 43.0,
    "minResTime" : 36.0,
    "maxResTime" : 55.0,
    "pct1ResTime" : 53.800000000000004,
    "pct2ResTime" : 55.0,
    "pct3ResTime" : 55.0,
    "throughput" : 0.059284436847253645,
    "receivedKBytesPerSec" : 0.028426424308595256,
    "sentKBytesPerSec" : 0.047937025106959005
  },
  "Get Grades" : {
    "transaction" : "Get Grades",
    "sampleCount" : 600,
    "errorCount" : 0,
    "errorPct" : 0.0,
    "meanResTime" : 964.7650000000001,
    "medianResTime" : 923.0,
    "minResTime" : 877.0,
    "maxResTime" : 1439.0,
    "pct1ResTime" : 1109.9,
    "pct2ResTime" : 1137.9499999999998,
    "pct3ResTime" : 1327.95,
    "throughput" : 1.917582312220752,
    "receivedKBytesPerSec" : 1.1659237533317992,
    "sentKBytesPerSec" : 1.750917443287503
  },
  "User Operation Flow" : {
    "transaction" : "User Operation Flow",
    "sampleCount" : 600,
    "errorCount" : 0,
    "errorPct" : 0.0,
    "meanResTime" : 1191.0149999999994,
    "medianResTime" : 1126.0,
    "minResTime" : 1022.0,
    "maxResTime" : 2197.0,
    "pct1ResTime" : 1385.9,
    "pct2ResTime" : 1555.85,
    "pct3ResTime" : 1844.8400000000001,
    "throughput" : 1.9164124758452177,
    "receivedKBytesPerSec" : 27.192040250650784,
    "sentKBytesPerSec" : 8.769832872862002
  },
  "Get Courses" : {
    "transaction" : "Get Courses",
    "sampleCount" : 600,
    "errorCount" : 0,
    "errorPct" : 0.0,
    "meanResTime" : 70.19833333333322,
    "medianResTime" : 47.0,
    "minResTime" : 34.0,
    "maxResTime" : 989.0,
    "pct1ResTime" : 98.0,
    "pct2ResTime" : 149.49999999999932,
    "pct3ResTime" : 420.73000000000025,
    "throughput" : 1.9228119201520302,
    "receivedKBytesPerSec" : 22.06351568533824,
    "sentKBytesPerSec" : 1.757570270763965
  },
  "Temporary Write Cycle C" : {
    "transaction" : "Temporary Write Cycle C",
    "sampleCount" : 12,
    "errorCount" : 0,
    "errorPct" : 0.0,
    "meanResTime" : 130.91666666666666,
    "medianResTime" : 124.0,
    "minResTime" : 113.0,
    "maxResTime" : 212.0,
    "pct1ResTime" : 190.4000000000001,
    "pct2ResTime" : 212.0,
    "pct3ResTime" : 212.0,
    "throughput" : 0.05926277112717791,
    "receivedKBytesPerSec" : 0.06638124851843072,
    "sentKBytesPerSec" : 0.1329361184366481
  },
  "Login Admin User" : {
    "transaction" : "Login Admin User",
    "sampleCount" : 1,
    "errorCount" : 0,
    "errorPct" : 0.0,
    "meanResTime" : 215.0,
    "medianResTime" : 215.0,
    "minResTime" : 215.0,
    "maxResTime" : 215.0,
    "pct1ResTime" : 215.0,
    "pct2ResTime" : 215.0,
    "pct3ResTime" : 215.0,
    "throughput" : 4.651162790697675,
    "receivedKBytesPerSec" : 5.645893895348837,
    "sentKBytesPerSec" : 3.3748183139534884
  },
  "Temporary Write Cycle B" : {
    "transaction" : "Temporary Write Cycle B",
    "sampleCount" : 12,
    "errorCount" : 0,
    "errorPct" : 0.0,
    "meanResTime" : 130.5,
    "medianResTime" : 125.0,
    "minResTime" : 113.0,
    "maxResTime" : 195.0,