{
  "Login User": {
    "transaction": "Login User",
    "sampleCount": 10,
    "errorCount": 0,
    "errorPct": 0,
    "meanResTime": 248.7594384999999,
    "medianResTime": 228.02983400000085,
    "minResTime": 208.54211299999952,
    "maxResTime": 472.280177,
    "pct1ResTime": 472.280177,
    "pct2ResTime": 472.280177,
    "pct3ResTime": 472.280177,
    "throughput": "0.30",
    "receivedKBytesPerSec": 0,
    "sentKBytesPerSec": 0
  },
  "Login Admin User": {
    "transaction": "Login Admin User",
    "sampleCount": 1,
    "errorCount": 0,
    "errorPct": 0,
    "meanResTime": 460.543306,
    "medianResTime": 460.543306,
    "minResTime": 460.543306,
    "maxResTime": 460.543306,
    "pct1ResTime": 460.543306,
    "pct2ResTime": 460.543306,
    "pct3ResTime": 460.543306,
    "throughput": "0.03",
    "receivedKBytesPerSec": 0,
    "sentKBytesPerSec": 0
  },
  "Refresh Access Token": {
    "transaction": "Refresh Access Token",
    "sampleCount": 30,
    "errorCount": 0,
    "errorPct": 0,
    "meanResTime": 248.7170933666669,
    "medianResTime": 253.04153700000006,
    "minResTime": 227.0926030000046,
    "maxResTime": 280.4503829999999,
    "pct1ResTime": 270.2662849999979,
    "pct2ResTime": 270.3565660000004,
    "pct3ResTime": 280.4503829999999,
    "throughput": "0.89",
    "receivedKBytesPerSec": 0,
    "sentKBytesPerSec": 0
  },
  "Get Current User": {
    "transaction": "Get Current User",
    "sampleCount": 30,
    "errorCount": 0,
    "errorPct": 0,
    "meanResTime": 73.44245963333347,
    "medianResTime": 73.71163299999989,
    "minResTime": 64.62293900000077,
    "maxResTime": 83.25053600000001,
    "pct1ResTime": 82.96716399999787,
    "pct2ResTime": 82.98145699999986,
    "pct3ResTime": 83.25053600000001,
    "throughput": "0.89",
    "receivedKBytesPerSec": 0,
    "sentKBytesPerSec": 0
  },
  "Get Courses": {
    "transaction": "Get Courses",
    "sampleCount": 30,
    "errorCount": 0,
    "errorPct": 0,
    "meanResTime": 117.07603479999992,
    "medianResTime": 110.78887900000154,
    "minResTime": 96.64549999999872,
    "maxResTime": 352.22269099999903,
    "pct1ResTime": 127.85244099999989,
    "pct2ResTime": 133.7910860000011,
    "pct3ResTime": 352.22269099999903,
    "throughput": "0.89",
    "receivedKBytesPerSec": 0,
    "sentKBytesPerSec": 0
  },
  "Get Students": {
    "transaction": "Get Students",
    "sampleCount": 30,
    "errorCount": 0,
    "errorPct": 0,
    "meanResTime": 107.36219926666678,
    "medianResTime": 108.68498050000017,
    "minResTime": 96.46817400000145,
    "maxResTime": 122.4315160000001,
    "pct1ResTime": 118.7027909999997,
    "pct2ResTime": 118.92609199999788,
    "pct3ResTime": 122.4315160000001,
    "throughput": "0.89",
    "receivedKBytesPerSec": 0,
    "sentKBytesPerSec": 0
  },
  "Get Enrollments": {
    "transaction": "Get Enrollments",
    "sampleCount": 30,
    "errorCount": 0,
    "errorPct": 0,
    "meanResTime": 118.95580446666673,
    "medianResTime": 113.36040149999917,
    "minResTime": 98.3153029999994,
    "maxResTime": 354.57089199999973,
    "pct1ResTime": 125.30621900000187,
    "pct2ResTime": 129.93901499999993,
    "pct3ResTime": 354.57089199999973,
    "throughput": "0.89",
    "receivedKBytesPerSec": 0,
    "sentKBytesPerSec": 0
  },
  "Get Grades": {
    "transaction": "Get Grades",
    "sampleCount": 30,
    "errorCount": 0,
    "errorPct": 0,
    "meanResTime": 119.9681891333336,
    "medianResTime": 111.46499800000038,
    "minResTime": 97.50931099999798,
    "maxResTime": 353.5118279999988,
    "pct1ResTime": 130.07968600000095,
    "pct2ResTime": 155.3193650000003,
    "pct3ResTime": 353.5118279999988,
    "throughput": "0.89",
    "receivedKBytesPerSec": 0,
    "sentKBytesPerSec": 0
  },
  "User Operation Flow": {
    "transaction": "User Operation Flow",
    "sampleCount": 30,
    "errorCount": 0,
    "errorPct": 0,
    "meanResTime": 537.0917205999998,
    "medianResTime": 527.8407014999993,
    "minResTime": 465.5929990000004,
    "maxResTime": 782.9202980000009,
    "pct1ResTime": 722.4927690000004,
    "pct2ResTime": 729.290653,
    "pct3ResTime": 782.9202980000009,
    "throughput": "0.89",
    "receivedKBytesPerSec": 0,
    "sentKBytesPerSec": 0
  }
}