{
  "Login User": {
    "transaction": "Login User",
    "sampleCount": 1,
    "errorCount": 0,
    "errorPct": 0,
    "meanResTime": 246.990621,
    "medianResTime": 246.990621,
    "minResTime": 246.990621,
    "maxResTime": 246.990621,
    "pct1ResTime": 246.990621,
    "pct2ResTime": 246.990621,
    "pct3ResTime": 246.990621,
    "throughput": "0.13",
    "receivedKBytesPerSec": 0,
    "sentKBytesPerSec": 0
  },
  "Login Admin User": {
    "transaction": "Login Admin User",
    "sampleCount": 1,
    "errorCount": 0,
    "errorPct": 0,
    "meanResTime": 301.146553,
    "medianResTime": 301.146553,
    "minResTime": 301.146553,
    "maxResTime": 301.146553,
    "pct1ResTime": 301.146553,
    "pct2ResTime": 301.146553,
    "pct3ResTime": 301.146553,
    "throughput": "0.13",
    "receivedKBytesPerSec": 0,
    "sentKBytesPerSec": 0
  },
  "Refresh Access Token": {
    "transaction": "Refresh Access Token",
    "sampleCount": 2,
    "errorCount": 0,
    "errorPct": 0,
    "meanResTime": 92.21885099999997,
    "medianResTime": 92.21885099999997,
    "minResTime": 40.916549999999916,
    "maxResTime": 143.52115200000003,
    "pct1ResTime": 143.52115200000003,
    "pct2ResTime": 143.52115200000003,
    "pct3ResTime": 143.52115200000003,
    "throughput": "0.26",
    "receivedKBytesPerSec": 0,
    "sentKBytesPerSec": 0
  },
  "Get Current User": {
    "transaction": "Get Current User",
    "sampleCount": 2,
    "errorCount": 0,
    "errorPct": 0,
    "meanResTime": 71.06998699999997,
    "medianResTime": 71.06998699999997,
    "minResTime": 70.51908600000002,
    "maxResTime": 71.62088799999992,
    "pct1ResTime": 71.62088799999992,
    "pct2ResTime": 71.62088799999992,
    "pct3ResTime": 71.62088799999992,
    "throughput": "0.26",
    "receivedKBytesPerSec": 0,
    "sentKBytesPerSec": 0
  },
  "Get Courses": {
    "transaction": "Get Courses",
    "sampleCount": 2,
    "errorCount": 0,
    "errorPct": 0,
    "meanResTime": 108.86459749999995,
    "medianResTime": 108.86459749999995,
    "minResTime": 107.77974199999994,
    "maxResTime": 109.94945299999995,
    "pct1ResTime": 109.94945299999995,
    "pct2ResTime": 109.94945299999995,
    "pct3ResTime": 109.94945299999995,
    "throughput": "0.26",
    "receivedKBytesPerSec": 0,
    "sentKBytesPerSec": 0
  },
  "Get Students": {
    "transaction": "Get Students",
    "sampleCount": 2,
    "errorCount": 0,
    "errorPct": 0,
    "meanResTime": 154.54111750000004,
    "medianResTime": 154.54111750000004,
    "minResTime": 141.22520200000008,
    "maxResTime": 167.857033,
    "pct1ResTime": 167.857033,
    "pct2ResTime": 167.857033,
    "pct3ResTime": 167.857033,
    "throughput": "0.26",
    "receivedKBytesPerSec": 0,
    "sentKBytesPerSec": 0
  },
  "Update Course Temp 01": {
    "transaction": "Update Course Temp 01",
    "sampleCount": 2,
    "errorCount": 0,
    "errorPct": 0,
    "meanResTime": 438.2999265000003,
    "medianResTime": 438.2999265000003,
    "minResTime": 367.8011890000007,
    "maxResTime": 508.798664,
    "pct1ResTime": 508.798664,
    "pct2ResTime": 508.798664,
    "pct3ResTime": 508.798664,
    "throughput": "0.26",
    "receivedKBytesPerSec": 0,
    "sentKBytesPerSec": 0
  },
  "Get Enrollments": {
    "transaction": "Get Enrollments",
    "sampleCount": 2,
    "errorCount": 0,
    "errorPct": 0,
    "meanResTime": 110.10470949999996,
    "medianResTime": 110.10470949999996,
    "minResTime": 109.63389699999993,
    "maxResTime": 110.57552199999998,
    "pct1ResTime": 110.57552199999998,
    "pct2ResTime": 110.57552199999998,
    "pct3ResTime": 110.57552199999998,
    "throughput": "0.26",
    "receivedKBytesPerSec": 0,
    "sentKBytesPerSec": 0
  },
  "Get Courses After Temp Update 01": {
    "transaction": "Get Courses After Temp Update 01",
    "sampleCount": 2,
    "errorCount": 0,
    "errorPct": 0,
    "meanResTime": 108.90417350000001,
    "medianResTime": 108.90417350000001,
    "minResTime": 107.05751899999996,
    "maxResTime": 110.75082800000007,
    "pct1ResTime": 110.75082800000007,
    "pct2ResTime": 110.75082800000007,
    "pct3ResTime": 110.75082800000007,
    "throughput": "0.26",
    "receivedKBytesPerSec": 0,
    "sentKBytesPerSec": 0
  },
  "Get Grades": {
    "transaction": "Get Grades",
    "sampleCount": 2,
    "errorCount": 0,
    "errorPct": 0,
    "meanResTime": 112.91085900000007,
    "medianResTime": 112.91085900000007,
    "minResTime": 111.66095799999994,
    "maxResTime": 114.16076000000021,
    "pct1ResTime": 114.16076000000021,
    "pct2ResTime": 114.16076000000021,
    "pct3ResTime": 114.16076000000021,
    "throughput": "0.26",
    "receivedKBytesPerSec": 0,
    "sentKBytesPerSec": 0
  },
  "User Operation Flow": {
    "transaction": "User Operation Flow",
    "sampleCount": 2,
    "errorCount": 0,
    "errorPct": 0,
    "meanResTime": 557.9220925000001,
    "medianResTime": 557.9220925000001,
    "minResTime": 544.788843,
    "maxResTime": 571.0553420000001,
    "pct1ResTime": 571.0553420000001,
    "pct2ResTime": 571.0553420000001,
    "pct3ResTime": 571.0553420000001,
    "throughput": "0.26",
    "receivedKBytesPerSec": 0,
    "sentKBytesPerSec": 0
  },
  "Restore Course 01": {
    "transaction": "Restore Course 01",
    "sampleCount": 2,
    "errorCount": 0,
    "errorPct": 0,
    "meanResTime": 399.5820779999996,
    "medianResTime": 399.5820779999996,
    "minResTime": 393.223429,
    "maxResTime": 405.94072699999924,
    "pct1ResTime": 405.94072699999924,
    "pct2ResTime": 405.94072699999924,
    "pct3ResTime": 405.94072699999924,
    "throughput": "0.26",
    "receivedKBytesPerSec": 0,
    "sentKBytesPerSec": 0
  },
  "Update Course Temp 02": {
    "transaction": "Update Course Temp 02",
    "sampleCount": 2,
    "errorCount": 0,
    "errorPct": 0,
    "meanResTime": 372.45546699999966,
    "medianResTime": 372.45546699999966,
    "minResTime": 366.18438199999946,
    "maxResTime": 378.72655199999986,
    "pct1ResTime": 378.72655199999986,
    "pct2ResTime": 378.72655199999986,
    "pct3ResTime": 378.72655199999986,
    "throughput": "0.26",
    "receivedKBytesPerSec": 0,
    "sentKBytesPerSec": 0
  },
  "Get Courses After Temp Update 02": {
    "transaction": "Get Courses After Temp Update 02",
    "sampleCount": 2,
    "errorCount": 0,
    "errorPct": 0,
    "meanResTime": 111.37590600000021,
    "medianResTime": 111.37590600000021,
    "minResTime": 110.81926500000009,
    "maxResTime": 111.93254700000034,
    "pct1ResTime": 111.93254700000034,
    "pct2ResTime": 111.93254700000034,
    "pct3ResTime": 111.93254700000034,
    "throughput": "0.26",
    "receivedKBytesPerSec": 0,
    "sentKBytesPerSec": 0
  },
  "Restore Course 02": {
    "transaction": "Restore Course 02",
    "sampleCount": 2,
    "errorCount": 0,
    "errorPct": 0,
    "meanResTime": 372.9397630000002,
    "medianResTime": 372.9397630000002,
    "minResTime": 369.9995200000003,
    "maxResTime": 375.8800060000001,
    "pct1ResTime": 375.8800060000001,
    "pct2ResTime": 375.8800060000001,
    "pct3ResTime": 375.8800060000001,
    "throughput": "0.26",
    "receivedKBytesPerSec": 0,
    "sentKBytesPerSec": 0
  },
  "Update Course Temp 03": {
    "transaction": "Update Course Temp 03",
    "sampleCount": 2,
    "errorCount": 0,
    "errorPct": 0,
    "meanResTime": 363.2132744999999,
    "medianResTime": 363.2132744999999,
    "minResTime": 361.10175400000026,
    "maxResTime": 365.32479499999954,
    "pct1ResTime": 365.32479499999954,
    "pct2ResTime": 365.32479499999954,
    "pct3ResTime": 365.32479499999954,
    "throughput": "0.26",
    "receivedKBytesPerSec": 0,
    "sentKBytesPerSec": 0
  },
  "Get Courses After Temp Update 03": {
    "transaction": "Get Courses After Temp Update 03",
    "sampleCount": 2,
    "errorCount": 0,
    "errorPct": 0,
    "meanResTime": 110.9449645000002,
    "medianResTime": 110.9449645000002,
    "minResTime": 107.57233399999996,
    "maxResTime": 114.31759500000044,
    "pct1ResTime": 114.31759500000044,