{
  "Login Admin User": {
    "transaction": "Login Admin User",
    "sampleCount": 1,
    "errorCount": 0,
    "errorPct": 0,
    "meanResTime": 264.531113,
    "medianResTime": 264.531113,
    "minResTime": 264.531113,
    "maxResTime": 264.531113,
    "pct1ResTime": 264.531113,
    "pct2ResTime": 264.531113,
    "pct3ResTime": 264.531113,
    "throughput": "0.03",
    "receivedKBytesPerSec": 0,
    "sentKBytesPerSec": 0
  },
  "Login User": {
    "transaction": "Login User",
    "sampleCount": 10,
    "errorCount": 0,
    "errorPct": 0,
    "meanResTime": 272.68717359999994,
    "medianResTime": 230.1051964999997,
    "minResTime": 214.29725099999996,
    "maxResTime": 405.7870619999994,
    "pct1ResTime": 405.7870619999994,
    "pct2ResTime": 405.7870619999994,
    "pct3ResTime": 405.7870619999994,
    "throughput": "0.30",
    "receivedKBytesPerSec": 0,
    "sentKBytesPerSec": 0
  },
  "Update Course Temp 01": {
    "transaction": "Update Course Temp 01",
    "sampleCount": 3,
    "errorCount": 0,
    "errorPct": 0,
    "meanResTime": 53.83516733333348,
    "medianResTime": 37.78776300000027,
    "minResTime": 36.42721100000017,
    "maxResTime": 87.290528,
    "pct1ResTime": 87.290528,
    "pct2ResTime": 87.290528,
    "pct3ResTime": 87.290528,
    "throughput": "0.09",
    "receivedKBytesPerSec": 0,
    "sentKBytesPerSec": 0
  },
  "Get Courses After Temp Update 01": {
    "transaction": "Get Courses After Temp Update 01",
    "sampleCount": 3,
    "errorCount": 0,
    "errorPct": 0,
    "meanResTime": 109.66201033333334,
    "medianResTime": 108.43716700000004,
    "minResTime": 107.12862700000005,
    "maxResTime": 113.42023699999993,
    "pct1ResTime": 113.42023699999993,
    "pct2ResTime": 113.42023699999993,
    "pct3ResTime": 113.42023699999993,
    "throughput": "0.09",
    "receivedKBytesPerSec": 0,
    "sentKBytesPerSec": 0
  },
  "Restore Course 01": {
    "transaction": "Restore Course 01",
    "sampleCount": 3,
    "errorCount": 0,
    "errorPct": 0,
    "meanResTime": 36.996949666666445,
    "medianResTime": 36.62618599999951,
    "minResTime": 35.47460599999977,
    "maxResTime": 38.89005700000007,
    "pct1ResTime": 38.89005700000007,
    "pct2ResTime": 38.89005700000007,
    "pct3ResTime": 38.89005700000007,
    "throughput": "0.09",
    "receivedKBytesPerSec": 0,
    "sentKBytesPerSec": 0
  },
  "Update Course Temp 02": {
    "transaction": "Update Course Temp 02",
    "sampleCount": 3,
    "errorCount": 0,
    "errorPct": 0,
    "meanResTime": 36.773382666666826,
    "medianResTime": 38.42398600000001,
    "minResTime": 32.34482600000047,
    "maxResTime": 39.55133599999999,
    "pct1ResTime": 39.55133599999999,
    "pct2ResTime": 39.55133599999999,
    "pct3ResTime": 39.55133599999999,
    "throughput": "0.09",
    "receivedKBytesPerSec": 0,
    "sentKBytesPerSec": 0
  },
  "Get Courses After Temp Update 02": {
    "transaction": "Get Courses After Temp Update 02",
    "sampleCount": 3,
    "errorCount": 0,
    "errorPct": 0,
    "meanResTime": 106.65306533333334,
    "medianResTime": 106.408502,
    "minResTime": 103.28087200000027,
    "maxResTime": 110.26982199999975,
    "pct1ResTime": 110.26982199999975,
    "pct2ResTime": 110.26982199999975,
    "pct3ResTime": 110.26982199999975,
    "throughput": "0.09",
    "receivedKBytesPerSec": 0,
    "sentKBytesPerSec": 0
  },
  "Restore Course 02": {
    "transaction": "Restore Course 02",
    "sampleCount": 3,
    "errorCount": 0,
    "errorPct": 0,
    "meanResTime": 36.64232000000019,
    "medianResTime": 35.171074999999746,
    "minResTime": 35.02234100000078,
    "maxResTime": 39.73354400000005,
    "pct1ResTime": 39.73354400000005,
    "pct2ResTime": 39.73354400000005,
    "pct3ResTime": 39.73354400000005,
    "throughput": "0.09",
    "receivedKBytesPerSec": 0,
    "sentKBytesPerSec": 0
  },
  "Update Course Temp 03": {
    "transaction": "Update Course Temp 03",
    "sampleCount": 3,
    "errorCount": 0,
    "errorPct": 0,
    "meanResTime": 35.82412166666654,
    "medianResTime": 36.49825499999997,
    "minResTime": 34.432248999999956,
    "maxResTime": 36.5418609999997,
    "pct1ResTime": 36.5418609999997,
    "pct2ResTime": 36.5418609999997,
    "pct3ResTime": 36.5418609999997,
    "throughput": "0.09",
    "receivedKBytesPerSec": 0,
    "sentKBytesPerSec": 0
  },
  "Refresh Access Token": {
    "transaction": "Refresh Access Token",
    "sampleCount": 30,
    "errorCount": 0,
    "errorPct": 0,
    "meanResTime": 259.5841163333334,
    "medianResTime": 249.0741450000005,
    "minResTime": 238.45039700000052,
    "maxResTime": 501.24243300000006,
    "pct1ResTime": 283.0539249999997,
    "pct2ResTime": 307.4565299999995,
    "pct3ResTime": 501.24243300000006,
    "throughput": "0.90",
    "receivedKBytesPerSec": 0,
    "sentKBytesPerSec": 0
  },
  "Get Courses After Temp Update 03": {
    "transaction": "Get Courses After Temp Update 03",
    "sampleCount": 3,
    "errorCount": 0,
    "errorPct": 0,
    "meanResTime": 106.62264833333352,
    "medianResTime": 108.0920010000001,
    "minResTime": 102.93537900000047,
    "maxResTime": 108.84056499999997,
    "pct1ResTime": 108.84056499999997,
    "pct2ResTime": 108.84056499999997,
    "pct3ResTime": 108.84056499999997,
    "throughput": "0.09",
    "receivedKBytesPerSec": 0,
    "sentKBytesPerSec": 0
  },
  "Restore Course 03": {
    "transaction": "Restore Course 03",
    "sampleCount": 3,
    "errorCount": 0,
    "errorPct": 0,
    "meanResTime": 35.64763700000003,
    "medianResTime": 35.17883699999993,
    "minResTime": 35.036073000000215,
    "maxResTime": 36.72800099999995,
    "pct1ResTime": 36.72800099999995,
    "pct2ResTime": 36.72800099999995,
    "pct3ResTime": 36.72800099999995,
    "throughput": "0.09",
    "receivedKBytesPerSec": 0,
    "sentKBytesPerSec": 0
  },
  "Get Current User": {
    "transaction": "Get Current User",
    "sampleCount": 30,
    "errorCount": 0,
    "errorPct": 0,
    "meanResTime": 81.0775378666668,
    "medianResTime": 71.3674689999998,
    "minResTime": 65.26034099999924,
    "maxResTime": 314.1699430000008,
    "pct1ResTime": 83.61708999999973,
    "pct2ResTime": 127.73800800000026,
    "pct3ResTime": 314.1699430000008,
    "throughput": "0.90",
    "receivedKBytesPerSec": 0,
    "sentKBytesPerSec": 0
  },
  "Get Courses": {
    "transaction": "Get Courses",
    "sampleCount": 30,
    "errorCount": 0,
    "errorPct": 0,
    "meanResTime": 110.47540079999983,
    "medianResTime": 107.62073899999996,
    "minResTime": 99.09485899999981,
    "maxResTime": 198.09161699999822,
    "pct1ResTime": 116.91418699999849,
    "pct2ResTime": 119.88744199999974,
    "pct3ResTime": 198.09161699999822,
    "throughput": "0.90",
    "receivedKBytesPerSec": 0,
    "sentKBytesPerSec": 0
  },
  "Get Students": {
    "transaction": "Get Students",
    "sampleCount": 30,
    "errorCount": 0,
    "errorPct": 0,
    "meanResTime": 109.26716606666645,
    "medianResTime": 106.01115200000095,
    "minResTime": 97.11697599999752,
    "maxResTime": 181.70421000000033,
    "pct1ResTime": 114.76329400000031,
    "pct2ResTime": 116.43618700000025,
    "pct3ResTime": 181.70421000000033,
    "throughput": "0.90",
    "receivedKBytesPerSec": 0,
    "sentKBytesPerSec": 0
  },
  "Get Enrollments": {
    "transaction": "Get Enrollments",
    "sampleCount": 30,
    "errorCount": 0,
    "errorPct": 0,
    "meanResTime": 149.24801373333335,
    "medianResTime": 112.68274650000058,
    "minResTime": 102.69035100000019,
    "maxResTime": 536.251737999999,
    "pct1ResTime": 353.45772999999826,
    "pct2ResTime": 489.11003399999936,
    "pct3ResTime": 536.251737999999,
    "throughput": "0.90",
    "receivedKBytesPerSec": 0,
    "sentKBytesPerSec": 0
  },
  "Get Grades": {
    "transaction": "Get Grades",
    "sampleCount": 30,
    "errorCount": 0,
    "errorPct": 0,
    "meanResTime": 108.46038406666666,
    "medianResTime": 108.59210500000063,
    "minResTime": 100.15387699999883,
    "maxResTime": 115.39848300000085,